"","np","lnLik","AIC","dAIC","AICwt"
"independent_model_fit",4,-616.531933797396,1241.06386759479,115.674950676232,7.61208472425448e-26
"hidden_Markov_independent_model_fit",10,-579.098418234402,1178.1968364688,52.8079195502439,3.41119046657523e-12
"correlated_model_fit",8,-604.617915909202,1225.2358318184,99.8469148998447,2.08217828044506e-22
"hidden_Markov_correlated_model_fit",18,-544.69445845928,1125.38891691856,0,0.999999999996589
