"","np","lnLik","DiscLik","ContLik","AICc","dAICc","AICcwt"
"bm1",15,475.642344701452,-56.8676219799036,537.115136867344,-918.675993750731,5.77822265757152,0.0382514583547315
"ou1",16,479.713447001965,-61.7229378093652,546.041554997319,-924.454216408302,0,0.687658958550661
"oum",18,474.804058027229,-52.0825475524316,531.401345503581,-909.829110529595,14.625105878707,0.000458745392114466
"oumv",19,474.736160285228,-58.6583987286901,538.029454576136,-907.250098348233,17.2041180600689,0.000126341589206704
"ouv",18,481.194636012228,-60.139569396814,545.778691270836,-922.610266499593,1.84394990870919,0.273504496113286
