"","np","lnLik","AIC","dAIC","AICwt"
"independent_model_fit",4,-715.485071137986,1438.97014227597,197.599381039097,1.09633275009369e-43
"hidden_Markov_independent_model_fit",10,-612.749494716511,1245.49898943302,4.12822819614735,0.112633980211914
"correlated_model_fit",8,-673.133163457479,1362.26632691496,120.895565678082,4.96551460747454e-27
"hidden_Markov_correlated_model_fit",18,-602.685380618437,1241.37076123687,0,0.887366019788086
