"","np","lnLik","AIC","dAIC","AICwt"
"independent_model_fit",4,-822.295139426892,1652.59027885378,227.281677532519,4.42998634830834e-50
"hidden_Markov_independent_model_fit",10,-713.505506432877,1447.01101286575,21.7024115444883,1.93808488281087e-05
"correlated_model_fit",18,-738.699133114925,1513.39826622985,88.0896649085837,7.43984506887641e-20
"hidden_Markov_correlated_model_fit",38,-674.654300660633,1425.30860132127,0,0.999980619151172
