"","np","lnLik","AIC","dAIC","AICwt"
"independent_model_fit",9,-800.668809077633,1619.33761815527,187.876610648663,1.59617501475912e-41
"hidden_Markov_independent_model_fit",20,-705.250911865453,1450.50182373091,19.040816224305,7.333434908692e-05
"correlated_model_fit",18,-755.738635614458,1547.47727122892,116.016263722315,6.41736257639708e-26
"hidden_Markov_correlated_model_fit",38,-677.730503753301,1431.4610075066,0,0.999926665650913
