"","np","lnLik","AIC","dAIC","AICwt"
"independent_model_fit",9,-909.636337127754,1837.27267425551,390.626536782986,1.50149985669645e-85
"hidden_Markov_independent_model_fit",20,-769.632137116287,1579.26427423257,132.618136760051,1.59344655797643e-29
"correlated_model_fit",36,-724.729863817213,1521.45972763443,74.8135901619039,5.68113763168555e-17
"hidden_Markov_correlated_model_fit",74,-649.323068736261,1446.64613747252,0,1
