"","np","lnLik","DiscLik","ContLik","AICc","dAICc","AICcwt"
"bm1_8states_run_bio1",14,9414.51385976729,-613.268442863933,10032.3874728172,-18800.9141753335,763.085128736977,1.93897947576124e-166
"ou1_8states_run_bio1",15,9789.87998217302,-618.369927934355,10412.8550802934,-19549.6301644542,14.3691396162139,0.000739919556293776
"oum_cid_8states_run_bio1",16,9793.12169986348,-615.818109939496,10413.4539984748,-19554.0962533921,9.90305067832742,0.00690213416143643
"oum_full_8states_run_bio1",18,9800.09220954536,-621.359232061063,10425.8707767978,-19563.9993040704,0,0.975895978866409
"oum_nest_8states_run_bio1",16,9784.43167991628,-619.886077151155,10408.678771752,-19536.7162134977,27.2830905727351,1.16133010947098e-06
"oum_soc_8states_run_bio1",16,9793.9908513674,-611.131215008875,10409.731683996,-19555.8345563999,8.16474767050022,0.0164608060857517
